{
    "objects" : [
        {
            "name" : "user",
            "onCreate" : {
                "type" : "text/javascript",
                "file" : "ui/onCreate-user-set-default-fields.js"
            },
            "onDelete" : {
                "type" : "text/javascript",
                "file" : "ui/onDelete-user-cleanup.js"
            },
            "properties" : [
                {
                    "name" : "securityAnswer",
                    "encryption" : {
                        "key" : "openidm-sym-default"
                    },
                    "scope" : "private"
                },
                {
                    "name" : "password",
                    "encryption" : {
                        "key" : "openidm-sym-default"
                    },
                    "scope" : "private"
                },
                {
                    "name" : "effectiveRoles",
                    "type" : "virtual",
                    "onRetrieve" : {
                        "type" : "text/javascript",
                        "file" : "roles/effectiveRoles.js",
                        "rolesPropName" : "roles"
                    }
                },
                {
                    "name" : "effectiveAssignments",
                    "type" : "virtual",
                    "onRetrieve" : {
                        "type" : "text/javascript",
                        "file" : "roles/effectiveAssignments.js",
                        "effectiveRolesPropName" : "effectiveRoles"
                    }
                }
            ]
        },
        {
            "name" : "role",
            "postCreate" : {
                "type" : "text/javascript",
                "file" : "roles/update-users-of-role.js"
            },
            "postUpdate" : {
                "type" : "text/javascript",
                "file" : "roles/update-users-of-role.js"
            },
            "postDelete" : {
                "type" : "text/javascript",
                "file" : "roles/update-users-of-role.js"
            },
            "onDelete" : {
                "type" : "text/javascript",
                "file" : "roles/onDelete-roles.js"
            }
        }
    ]
}
