{
   "name" : "contractordb",
   "connectorRef" :
      {
          "bundleName"    : "org.forgerock.openicf.connectors.databasetable-connector",
          "bundleVersion" : "1.1.0.1",
          "connectorName" : "org.identityconnectors.databasetable.DatabaseTableConnector"
      },
   "poolConfigOption" :
      {
         "maxObjects" : 10,
         "maxIdle" : 10,
         "maxWait" : 150000,
         "minEvictableIdleTimeMillis" : 120000,
         "minIdle" : 1
      },
   "resultsHandlerConfig" :
      {
         "enableNormalizingResultsHandler" : true,
         "enableFilteredResultsHandler" : true,
         "enableCaseInsensitiveFilter" : false,
         "enableAttributesToGetSearchResultsHandler" : true
      },
   "operationTimeout" :
      {
         "CREATE" : -1,
         "UPDATE" : -1,
         "DELETE" : -1,
         "TEST" : -1,
         "SCRIPT_ON_CONNECTOR" : -1,
         "SCRIPT_ON_RESOURCE" : -1,
         "GET" : -1,
         "RESOLVEUSERNAME" : -1,
         "AUTHENTICATE" : -1,
         "SEARCH" : -1,
         "VALIDATE" : -1,
         "SYNC" : -1,
         "SCHEMA" : -1
      },
   "configurationProperties" :
      {
         "quoting" : "",
         "host" : "localhost",
         "port" : "3306",
         "user" : "root",
         "password" : "",
         "database" : "contractordb",
         "table" : "people",
         "keyColumn" : "UNIQUE_ID",
         "passwordColumn" : "",
         "jdbcDriver" : "com.mysql.jdbc.Driver",
         "jdbcUrlTemplate" : "jdbc:mysql://%h:%p/%d",
         "enableEmptyString" : false,
         "rethrowAllSQLExceptions" : true,
         "nativeTimestamps" : true,
         "allNative" : false,
         "validConnectionQuery" : null,
         "changeLogColumn" : "CHANGE_TIMESTEMP",
         "datasource" : "",
         "jndiProperties" : null
      },
   "syncFailureHandler" : 
      {
         "maxRetries" : 5,
         "postRetryAction" : "logged-ignore"
      },
   "objectTypes" :
      {
         "__ACCOUNT__" :
            {
               "$schema" : "http://json-schema.org/draft-03/schema",
               "id" : "__ACCOUNT__",
               "type" : "object",
               "nativeType" : "__ACCOUNT__",
               "properties" :
                  {
                     "NAME_FIRST_UTF8" :
                        {
                           "type" : "string",
                           "nativeName" : "NAME_FIRST_UTF8",
                           "nativeType" : "string"
                        },
                     "SUNRISE_DATE" :
                        {
                           "type" : "string",
                           "nativeName" : "SUNRISE_DATE",
                           "nativeType" : "string"
                        },
                     "CONTRACTOR_NUMBER" :
                        {
                           "type" : "string",
                           "nativeName" : "CONTRACTOR_NUMBER",
                           "nativeType" : "string"
                        },
                     "SPONSOR" :
                        {
                           "type" : "string",
                           "nativeName" : "SPONSOR",
                           "nativeType" : "string"
                        },
                     "STATUS" :
                        {
                           "type" : "string",
                           "required" : true,
                           "nativeName" : "STATUS",
                           "nativeType" : "string"
                        },
                     "LOCATION" :
                        {
                           "type" : "string",
                           "nativeName" : "LOCATION",
                           "nativeType" : "string"
                        },
                     "NAME_FIRST" :
                        {
                           "type" : "string",
                           "required" : true,
                           "nativeName" : "NAME_FIRST",
                           "nativeType" : "string"
                        },
                     "NAME_FULL_UTF8" :
                        {
                           "type" : "string",
                           "nativeName" : "NAME_FULL_UTF8",
                           "nativeType" : "string"
                        },
                     "NAME_LAST" :
                        {
                           "type" : "string",
                           "required" : true,
                           "nativeName" : "NAME_LAST",
                           "nativeType" : "string"
                        },
                     "ORGANIZATION" :
                        {
                           "type" : "string",
                           "nativeName" : "ORGANIZATION",
                           "nativeType" : "string"
                        },
                     "NAME_FULL" :
                        {
                           "type" : "string",
                           "nativeName" : "NAME_FULL",
                           "nativeType" : "string"
                        },
                     "PHONE_WORK" :
                        {
                           "type" : "string",
                           "nativeName" : "PHONE_WORK",
                           "nativeType" : "string"
                        },
                     "SSN_LASTFOUR" :
                        {
                           "type" : "string",
                           "nativeName" : "SSN_LASTFOUR",
                           "nativeType" : "string"
                        },
                     "NAME_LAST_UTF8" :
                        {
                           "type" : "string",
                           "nativeName" : "NAME_LAST_UTF8",
                           "nativeType" : "string"
                        },
                     "__NAME__" :
                        {
                           "type" : "string",
                           "required" : true,
                           "nativeName" : "__NAME__",
                           "nativeType" : "string"
                        },
                     "SUNSET_DATE" :
                        {
                           "type" : "string",
                           "nativeName" : "SUNSET_DATE",
                           "nativeType" : "string"
                        },
                     "EMAIL" :
                        {
                           "type" : "string",
                           "nativeName" : "EMAIL",
                           "nativeType" : "string"
                        },
                     "TYPE" :
                        {
                           "type" : "string",
                           "required" : true,
                           "nativeName" : "TYPE",
                           "nativeType" : "string"
                        },
                     "DATE_BIRTH" :
                        {
                           "type" : "string",
                           "nativeName" : "DATE_BIRTH",
                           "nativeType" : "string"
                        },
                     "TITLE" :
                        {
                           "type" : "string",
                           "nativeName" : "TITLE",
                           "nativeType" : "string"
                        }
                  }
            }
      },
   "operationOptions" :
      {
         "CREATE" :
            {
               "objectFeatures" :
                  {
                     "__ACCOUNT__" :
                        {
                           "denied" : false,
                           "onDeny" : "DO_NOTHING",
                           "operationOptionInfo" :
                              {
                                 "$schema" : "http://json-schema.org/draft-03/schema",
                                 "id" : "FIX_ME",
                                 "type" : "object",
                                 "properties" :
                                    {
                                    }
                              }
                        }
                  }
            },
         "UPDATE" :
            {
               "objectFeatures" :
                  {
                     "__ACCOUNT__" :
                        {
                           "denied" : false,
                           "onDeny" : "DO_NOTHING",
                           "operationOptionInfo" :
                              {
                                 "$schema" : "http://json-schema.org/draft-03/schema",
                                 "id" : "FIX_ME",
                                 "type" : "object",
                                 "properties" :
                                    {
                                    }
                              }
                        }
                  }
            },
         "DELETE" :
            {
               "objectFeatures" :
                  {
                     "__ACCOUNT__" :
                        {
                           "denied" : false,
                           "onDeny" : "DO_NOTHING",
                           "operationOptionInfo" :
                              {
                                 "$schema" : "http://json-schema.org/draft-03/schema",
                                 "id" : "FIX_ME",
                                 "type" : "object",
                                 "properties" :
                                    {
                                    }
                              }
                        }
                  }
            },
         "TEST" :
            {
               "objectFeatures" :
                  {
                     "__ACCOUNT__" :
                        {
                           "denied" : false,
                           "onDeny" : "DO_NOTHING",
                           "operationOptionInfo" :
                              {
                                 "$schema" : "http://json-schema.org/draft-03/schema",
                                 "id" : "FIX_ME",
                                 "type" : "object",
                                 "properties" :
                                    {
                                    }
                              }
                        }
                  }
            },
         "SCRIPT_ON_CONNECTOR" :
            {
               "objectFeatures" :
                  {
                     "__ACCOUNT__" :
                        {
                           "denied" : false,
                           "onDeny" : "DO_NOTHING",
                           "operationOptionInfo" :
                              {
                                 "$schema" : "http://json-schema.org/draft-03/schema",
                                 "id" : "FIX_ME",
                                 "type" : "object",
                                 "properties" :
                                    {
                                    }
                              }
                        }
                  }
            },
         "SCRIPT_ON_RESOURCE" :
            {
               "objectFeatures" :
                  {
                  }
            },
         "GET" :
            {
               "objectFeatures" :
                  {
                     "__ACCOUNT__" :
                        {
                           "denied" : false,
                           "onDeny" : "DO_NOTHING",
                           "operationOptionInfo" :
                              {
                                 "$schema" : "http://json-schema.org/draft-03/schema",
                                 "id" : "FIX_ME",
                                 "type" : "object",
                                 "properties" :
                                    {
                                    }
                              }
                        }
                  }
            },
         "RESOLVEUSERNAME" :
            {
               "objectFeatures" :
                  {
                     "__ACCOUNT__" :
                        {
                           "denied" : false,
                           "onDeny" : "DO_NOTHING",
                           "operationOptionInfo" :
                              {
                                 "$schema" : "http://json-schema.org/draft-03/schema",
                                 "id" : "FIX_ME",
                                 "type" : "object",
                                 "properties" :
                                    {
                                    }
                              }
                        }
                  }
            },
         "AUTHENTICATE" :
            {
               "objectFeatures" :
                  {
                  }
            },
         "SEARCH" :
            {
               "objectFeatures" :
                  {
                     "__ACCOUNT__" :
                        {
                           "denied" : false,
                           "onDeny" : "DO_NOTHING",
                           "operationOptionInfo" :
                              {
                                 "$schema" : "http://json-schema.org/draft-03/schema",
                                 "id" : "FIX_ME",
                                 "type" : "object",
                                 "properties" :
                                    {
                                    }
                              }
                        }
                  }
            },
         "VALIDATE" :
            {
               "objectFeatures" :
                  {
                     "__ACCOUNT__" :
                        {
                           "denied" : false,
                           "onDeny" : "DO_NOTHING",
                           "operationOptionInfo" :
                              {
                                 "$schema" : "http://json-schema.org/draft-03/schema",
                                 "id" : "FIX_ME",
                                 "type" : "object",
                                 "properties" :
                                    {
                                    }
                              }
                        }
                  }
            },
         "SYNC" :
            {
               "objectFeatures" :
                  {
                     "__ACCOUNT__" :
                        {
                           "denied" : false,
                           "onDeny" : "DO_NOTHING",
                           "operationOptionInfo" :
                              {
                                 "$schema" : "http://json-schema.org/draft-03/schema",
                                 "id" : "FIX_ME",
                                 "type" : "object",
                                 "properties" :
                                    {
                                    }
                              }
                        }
                  }
            },
         "SCHEMA" :
            {
               "objectFeatures" :
                  {
                     "__ACCOUNT__" :
                        {
                           "denied" : false,
                           "onDeny" : "DO_NOTHING",
                           "operationOptionInfo" :
                              {
                                 "$schema" : "http://json-schema.org/draft-03/schema",
                                 "id" : "FIX_ME",
                                 "type" : "object",
                                 "properties" :
                                    {
                                    }
                              }
                        }
                  }
            }
      }
}
