{
    "name" : "xmlfile",
    "connectorRef" : {
        "bundleName"    : "org.forgerock.openicf.connectors.xml-connector",
        "bundleVersion" : "1.1.0.2",
        "connectorName" : "org.forgerock.openicf.connectors.xml.XMLConnector"
    },
    "producerBufferSize" : 100,
    "connectorPoolingSupported" : true,
    "poolConfigOption" : {
        "maxObjects" : 1,
        "maxIdle" : 1,
        "maxWait" : 150000,
        "minEvictableIdleTimeMillis" : 120000,
        "minIdle" : 1
    },
    "operationTimeout" : {
        "CREATE" : -1,
        "TEST" : -1,
        "AUTHENTICATE" : -1,
        "SEARCH" : -1,
        "VALIDATE" : -1,
        "GET" : -1,
        "UPDATE" : -1,
        "DELETE" : -1,
        "SCRIPT_ON_CONNECTOR" : -1,
        "SCRIPT_ON_RESOURCE" : -1,
        "SYNC" : -1,
        "SCHEMA" : -1
    },
    "configurationProperties" : {
        "xsdIcfFilePath" : "&{launcher.project.location}/data/resource-schema-1.xsd",
        "xsdFilePath" : "&{launcher.project.location}/data/resource-schema-extension.xsd",
        "xmlFilePath" : "&{launcher.project.location}/data/xmlConnectorData.xml"
    },
    "syncFailureHandler" : {
        "maxRetries" : 5,
        "postRetryAction" : "logged-ignore"
    },
    "objectTypes" : {
        "account" : {
            "$schema" : "http://json-schema.org/draft-03/schema",
            "id" : "__ACCOUNT__",
            "type" : "object",
            "nativeType" : "__ACCOUNT__",
            "properties" : {
                "description" : {
                    "type" : "string",
                    "nativeName" : "__DESCRIPTION__",
                    "nativeType" : "string"
                },
                "firstname" : {
                    "type" : "string",
                    "nativeName" : "firstname",
                    "nativeType" : "string"
                },
                "email" : {
                    "type" : "string",
                    "nativeName" : "email",
                    "nativeType" : "string"
                },
                "_id" : {
                    "type" : "string",
                    "nativeName" : "__UID__"
                },
                "password" : {
                    "type" : "string",
                    "nativeName" : "password",
                    "nativeType" : "string"
                },
                "name" : {
                    "type" : "string",
                    "required" : true,
                    "nativeName" : "__NAME__",
                    "nativeType" : "string"
                },
                "lastname" : {
                    "type" : "string",
                    "required" : true,
                    "nativeName" : "lastname",
                    "nativeType" : "string"
                },
                "mobileTelephoneNumber" : {
                    "type" : "string",
                    "required" : true,
                    "nativeName" : "mobileTelephoneNumber",
                    "nativeType" : "string"
                },
                "roles" : {
                    "type" : "string",
                    "required" : false,
                    "nativeName" : "roles",
                    "nativeType" : "string"
                }
            }
        }
    },
    "operationOptions" : { }
}
