{
    "mappings" : [
        {
            "name" : "systemXmlfileAccounts_managedUser",
            "source" : "system/xmlfile/account",
            "target" : "managed/user",
            "correlationQuery" : {
                "type" : "text/javascript",
                "source" : "var query = {'_queryId' : 'for-userName', 'uid' : source.name};query;"
            },
            "properties" : [
                {
                    "source" : "description",
                    "target" : "description"
                },
                {
                    "source" : "firstname",
                    "target" : "givenName"
                },
                {
                    "source" : "email",
                    "target" : "mail"
                },
                {
                    "source" : "lastname",
                    "target" : "sn"
                },
                {
                    "source" : "name",
                    "target" : "userName"
                },
                {
                    "source" : "password",
                    "target" : "password"
                },
                {
                    "source" : "mobileTelephoneNumber",
                    "target" : "telephoneNumber"
                },
                {
                    "source" : "roles",
                    "transform" : {
                        "type" : "text/javascript",
                        "source" : "source.split(',')"
                    },
                    "target" : "roles"
                }
            ],
            "policies" : [
                {
                    "situation" : "CONFIRMED",
                    "action" : "UPDATE"
                },
                {
                    "situation" : "FOUND",
                    "action" : "IGNORE"
                },
                {
                    "situation" : "ABSENT",
                    "action" : "CREATE"
                },
                {
                    "situation" : "AMBIGUOUS",
                    "action" : "IGNORE"
                },
                {
                    "situation" : "MISSING",
                    "action" : "IGNORE"
                },
                {
                    "situation" : "SOURCE_MISSING",
                    "action" : "IGNORE"
                },
                {
                    "situation" : "UNQUALIFIED",
                    "action" : "IGNORE"
                },
                {
                    "situation" : "UNASSIGNED",
                    "action" : "IGNORE"
                }
            ]
        },
        {
            "name" : "managedUser_systemXmlfileAccounts",
            "source" : "managed/user",
            "target" : "system/xmlfile/account",
            "links" : "systemXmlfileAccounts_managedUser",
            "properties" : [
                {
                    "source" : "description",
                    "target" : "description"
                },
                {
                    "source" : "givenName",
                    "target" : "firstname"
                },
                {
                    "source" : "mail",
                    "target" : "email"
                },
                {
                    "source" : "sn",
                    "target" : "lastname"
                },
                {
                    "source" : "userName",
                    "target" : "name"
                },
                {
                    "source" : "password",
                    "target" : "password",
                    "transform" : {
                        "type" : "text/javascript",
                        "source" : "openidm.decrypt(source)"
                    }
                },
                {
                    "source" : "telephoneNumber",
                    "target" : "mobileTelephoneNumber"
                },
                {
                    "source" : "roles",
                    "transform" : {
                        "type" : "text/javascript",
                        "source" : "source.join(',')"
                    },
                    "target" : "roles"
                }
            ],
            "policies" : [
                {
                    "situation" : "CONFIRMED",
                    "action" : "UPDATE"
                },
                {
                    "situation" : "FOUND",
                    "action" : "IGNORE"
                },
                {
                    "situation" : "ABSENT",
                    "action" : "CREATE"
                },
                {
                    "situation" : "AMBIGUOUS",
                    "action" : "IGNORE"
                },
                {
                    "situation" : "MISSING",
                    "action" : "IGNORE"
                },
                {
                    "situation" : "SOURCE_MISSING",
                    "action" : "IGNORE"
                },
                {
                    "situation" : "UNQUALIFIED",
                    "action" : "IGNORE"
                },
                {
                    "situation" : "UNASSIGNED",
                    "action" : "IGNORE"
                }
            ]
        }
    ]
}